text;impressions
электрички;10610946
расписание электричек;7986520
электрички москва;1750850
расписание электричек москва;1378131
расписание электричек +на сегодня;920135
туту электрички;656385
тута электрички;656385
направление электричек;613300
вокзал электрички;602977
туту расписание электричек;577652
электрички расписание тута;577652
расписание электричек направления;532065
электрички +на завтра;523514
расписание электричек +на завтра;487399
электрички 2019;315956
расписание электричек 2019;276785
изменения электричек;255750
расписание электричек +на москву +на сегодня;233753
электричка нижний;212227
электричка петербург;199627
электричка санкт;195165
электричка санкт петербург;193990
электрички спб;192549
электричка ру;188879
туту ру электрички;184858
тута ру электрички;184858
электричка курская;180490
электрички ярославского;174183
электрички казанского;171992
электричка новосибирск;168813
расписание электричек нижний;167687
тута ру расписание электричек;156283
туту ру расписание электричек;156283
расписание электричек санкт;155521
расписание электричек санкт петербург;154726
расписание электричек казанского;150890
электрички ru;149598
1 электричка;149396
электрички +на москву +на завтра;146802
расписание электричек ярославского;146037
расписание электричек курского;145301
станции электричек;143002
электрички нижний новгород;139396
электричка тверь;138967
расписание электричек +на москву +на завтра;138320
электрички посад;135939
электрички горьковского;133045
расписание электричек новосибирск;132230
изменение электричек +на сегодня;132061
расписание электричек +с изменениями +на сегодня;128500
расписание электричек спб;122940
электрички горьковского направления;121102
расписание электричек горьковского;119588
электрички финляндский;119434
расписание электричек 1;118234
электричка ростов;116487
туту ru электрички;113978
туту ru расписание электричек;113921
электрички подольск;113917
электрички белорусского;113040
электричка краснодар;111241
расписание электричек нижний новгород;110916
электрички выхино;110289
электричка самара;108973
расписание электричек горьковского направления;108500
расписание электричек тверь;106706
электричка царицыно;106467
электрички сочи;105606
билеты +на электричку;104577
электричка екатеринбург;102222
электрички сергиев;101091
электрички ярославского направления;101067
электрички сергиев посад;96603
расписание электричек белорусского;96339
электричка 2;94154
электрички ленинградская;92654
электрички минск;92507
электрички тушино;92204
расписание электричек выхино;91889
московские электрички;91625
электричка рязань;91603
электрички казанского направления;90256
сергие посад электричка;86678
электричка одинцова;85956
электрички одинцово;85946
расписание электричек подольск;85836
электричка серпухов;85534
расписание электричек царицына;85526
расписание электричек царицыно;85525
электричка ласточка;85207
расписание электричек ярославского направления;84218
электрички савеловский;83822
павелецкая электрички;82786
расписание электричек казанского направления;82542
расписание электричек сергиев;80081
расписание электричек ленинградского;79703
электрички мытищи;79663
изменение электричек +на москву;78601
расписание электричек самара;78471
электрички пушкино;78219
расписание электричек ростов;78084
электрички александров;77854
расписание электричек балтийский;76948
расписание электричек сергиев посад;76580
расписание электричек тушино;76170
расписание электричек екатеринбург;75960
электрички крюково;75097
электричка лобня;74497
электричка пермь;73978
расписание электричек савеловского;73465
расписание электричек 2;72937
туту электрички направления;71889
электричка казань;71618
расписание электричек минск;71174
км расписание электричек;71013
расписание электричек калуга;70100
расписание электричек сергие посад;69989
владимиров электрички;69807
изменения электричек +на завтра;69771
туту электрички расписание направление;69771
расписание электричек павелецкого;69638
электрички посад москва;68835
расписание электричек сочи;68280
расписание электричек рязань;67729
расписание электричек московский;67323
расписание электричек +на завтра +с изменениями;67180
расписание электричек краснодар;66939
электричка москва тверь;66891
вокзалы электричек москвы;66648
расписание электричек серпухов;66445
расписание электричек ласточка;64541
расписание электричек александров;64483
электрички нахабино;64425
электричка рижская;64085
электрички железнодорожный;63914
расписание электричек +с финляндского;63608
яндекс электрички;63473
расписание электричек одинцово;62595
расписание электричек направление +на сегодня;62526
расписание электричек мытищи;62473
расписание электричек пушкино;62125
расписание электричек крюково;61853
электрички октября;61812
электрички химки;61726
электричка голутвин;61633
расписание электричек киевского;61499
направления электричек +из москвы;61293
расписание электричек +на сентябрь;60944
расписание электричек вокзал +на сегодня;60914
расписание электричек александр;60726
электрички клин;60475
расписание электричек лобня;59760
вокзалы москвы расписание электричек;59283
электричка таганрог;59047
расписание электричек направления 2019;58855
расписание электричек московский вокзал;58757
электрички зуево;58295
электрички колпино;58290
орехово зуева электрички;58197
электрички орехово зуево;58197
расписание электричек дмитров;58007
электрички курского направления;57016
расписание электричек пермь;56545
расписание электричек посад москва;55888
электрички люберцы;54881
электричка адлер;54504
электрички москва сергиев;54343
расписание электричек орехово;53409
электрички сергиев посад москва;53357
электрички витебский;52949
расписание электричек голутвин;52673
расписание электричек тверь москва;52500
электрички белорусское направление;51849
электрички воронеж;51321
расписание электричек балтийский вокзал;51263
электричка москва курская;51229
расписание электричек железнодорожный;51208
расписание электричек рижского;51098
расписание электричек нахабино;50857
электричка обнинск;50771
расписание электричек казань;50586
стоимость электрички;50234
курский вокзал расписание электричек;50045
электричка москва ярославская;49406
расписание электричек чехов;49194
электричка иркутск;48930
остановки электричек;48805
расписание электричек владимир;48765
электричка красноярск;48703
электричка калуга москва;48347
расписание электричек орехово зуево;48095
расписание электричек химки;47910
расписание электричек белорусского направления;47880
расписание электричек клин;47865
электричка брянск;46306
расписание электричек москва ярославская;45996
расписание электричек москва курская;45973
электрички казанский вокзал;45912
расписание электричек курского направления;45877
расписание электричек таганрог;45501
электричка красный;45395
расписание электричек витебский;45317
электричка текстильщики;45200
электричка каланчевская;44831
расписание электричек колпино;44359
электричка шатура;44235
электричка кисловодск;44232
расписание электричек москва сергиев;44069
расписание электричек чех;44008
электрички ст;43740
расписание электричек люберцы;43530
электрички рижского направления;43509
расписание электричек домодедово;43346
расписание электричек сергиев посад москва;43290
электричка главный;42976
купить электричку;42730
расписание электричек москва +на сегодня +с изменениями;42650
время электричка;42634
электричка москва казанское;42347
какие электрички;42066
электричка ростов таганрог;41791
электрички болшево;41600
электричка беговая;41560
электричка нара;41519
электричка павшино;40927
электрички савеловского направления;40396
расписание электричек москва сергие посад;40290
электричка девяткино;40288
новые электрички;40145
электричка барнаул;40095
расписание электричек тула;39794
расписание электричек москва казанская;39654
электричка купчино;39192
электрички ярославский вокзал;39108
расписание электричек калуга москва;39093
электрички +с финляндского вокзала;39082
электрички раменское;38703
электрички москва 2019;38655
расписание электричек воронеж;38485
электричка со;38429
расписание электричек обнинск;38417
электрички москва горьковское;38415
туту электрички санкт;38289
туту электрички санкт петербург;38246
расписание электричек витебском вокзале;38240
расписание электричек витебский вокзал;38230
электрички пермь 2;38154
расписание электричек можайск;37920
расписание электричек каланчевская;37779
расписание электричек шатура;37767
электричка омск;37620
электрички александров москва;37512
расписание электричек иркутск;37463
расписание электричек савеловского направления;37399
расписание электричек главный;37266
электрички фрязино;37239
расписание электричек брянск;37227
электричка туапсе;37212
tutu электрички;37174
ивантеевка электричка;37153
расписание электричек текстильщики;37148
расписание электричек казанского вокзала;37043
карта электричек;36681
расписание электричек красноярск;36473
расписание электричек +на октябрь;36189
расписание электричек истра;36155
расписание электричек адлер;36152
электричка владивосток;36093
электрички ленинградского направления;35993
электричка павловский;35829
электричка александр москва;35680
электричка щербинка;35480
расписание электричек фрязево;35308
электрички удельная;35257
электричка лазаревское;35010
расписание электричек рижского направления;34979
расписание электричек +с финляндского вокзала;34952
расписание электричек москва 2019;34860
расписание электричек болшево;34829
электричка москва владимир;34764
расписание электричек +на новгород;34659
электрички павловский посад;34550
электричка новосибирск главный;34287
электричка калуга 1;34195
расписание электричек нара;34131
электрички бутово;33822
расписание электричек красное;33815
туту расписание электричек санкт;33783
расписание электричек беговая;33752
туту расписание электричек санкт петербург;33750
расписание электричек кисловодск;33737
электричка волгоград;33642
расписание электричек павшино;33629
электричка сызрань;33559
электричка дзержинск;33171
электрички павелецкого направления;33025
электрички подсолнечная;32908
расписание электричек пермь 2;32542
электричка пятигорск;32469
tutu ru электрички;32465
электричка ногинск;32303
туту ру электрички санкт;32257
туту ру электрички петербург;32257
туту ру электрички санкт петербург;32251
электричка калининград;32152
электричка ярославль;32145
электричка лиски;32095
расписание электричек ленинградского направления;32072
поезд электричка;32026
расписание электричек александров москва;31970
яндекс расписание электричек;31935
расписание электричек таганрог ростов;31833
электрички котел;31821
ярославский вокзал расписание электричек;31713
расписание электричек москва +на завтра +с изменениями;31534
купить билет +на электричку;31450
туту ру расписание электричек санкт;31417
туту ру расписание электричек санкт петербург;31412
расписание электричек девяткино;31365
расписание электричек купчино;31279
электричка монино;31164
расписание электричек направления +из москвы сегодня;31132
электрички дедовск;31110
расписание электричек калуга 1;31094
электричка саратов;30991
электрички киров;30930
электричка крюкова москва;30865
электрички крюково москва;30861
расписание электричек новосибирск главный;30833
москва александры электричка расписание;30697
расписание электричек ярославского сегодня;30677
расписание электричек аэропорт;30354
расписание электричек раменское;30190
расписание электричек фрязино;30145
электричка новокузнецк;30053
расписание электричек тосно;30050
расписание электричек павелецкого направления;30047
расписание электричек ивантеевка;29933
схема электричек;29857
электрички окружная;29800
расписания электрички голицына;29683
расписание электричек голицыно;29674
электричка долгопрудный;29657
электричка кубинка;29629
электрички пушкина москва;29499
белорусский вокзал расписание электричек;29475
электричка голутвин москва;29387
электрички пушкино москва;29323
пригородные электрички;29316
+как доехать +на электричке;29204
электричка тимирязевская;29171
электрички воронок;29015
электричка малоярославец;28937
расписание электричек удельная;28914
цены +на электрички;28838
расписание электричек барнаул;28812
расписание электричек павловский;28573
электричка серпухов москва;28521
tutu расписание электричек;28519
электрички подлипки;28508
электрички дмитров москва;28449
электрички сходня;28362
расписание электричек новая;28220
электричка нижний тагил;28218
туту электрички москва;28149
расписание электричек куровское;28123
тучкова электричка;27959
расписание электричек +от станции;27931
расписание электричек павловский посад;27811
электрички орехово москва;27797
расписание электричек щербинка;27714
электричка балабанова;27557
электрички царицыно сегодня;27555
электрички ленинградский вокзал;27455
электрички люберцы 1;27411
расписание электричек подсолнечная;27386
электрички москва клин;27309
электричка челябинск;27277
электричка бердск;27265
электрички 88;27244
электричка балашиха;27210
стоят электрички;27138
электричка уфа;27082
электрички северянин;27004
электричка речной;26988
дачный электричек;26987
электричка обнинск москва;26841
расписание электричек омск;26833
экспресс электричка;26703
электричка ессентуки;26691
расписание электричек крюково москва;26612
электрички дмитровская;26568
электрички коломна;26528
расписание электричек бутово;26484
расписания электричек бутова;26484
расписание электричек направления +на завтра;26442
электричка зуево москва;26411
орехова зуева москва электричка;26388
электрички орехово зуево москва;26382
электричка черусти;26353
расписание электричек 2019 +с изменениями;26351
+во сколько электричка;26329
tutu ru расписание электричек;26119
москва тула электрички;26092
туту расписание электричек москва;26076
расписание электричек москва 1;26064
подольск электричка сегодня;25998
электрички савеловский вокзал;25857
расписание электричек голутвин москва;25716
электричка конаково;25668
электричка каменск;25621
электричка царицыно подольск;25608
электричка нижние котлы;25551
расписание электричек владивосток;25514
расписание электричек дзержинск;25445
расписание электричек туапсе;25385
электричка рязань москва;25356
электрички нижний +на сегодня;25350
электрички семенов;25331
электричка реутов;25314
расписание электричек монина;25290
расписание электричек монино;25289
электричка ласточка москва;25252
расписание электричек ступино;24917
расписание электричек воронок;24810
расписание электричек дедовск;24780
расписание электричек лиски;24763
расписание электричек владимир москва;24687
электрички 2019 году;24674
электричка ижевск;24616
электричка заволжье;24552
киевский вокзал расписание электричек;24528
расписание электричек окружная;24508
расписание электричек +на сегодня нижний;24490
расписание электричек волгоград;24452
электричка +до москвы сегодня;24399
электричка симферополь;24340
расписание электричек пятигорск;24215
электрички железнодорожный москва;24112
расписание электричек лазаревское;24092
пушкина москва электричка расписание;24084
расписание электричек ленинградского вокзала;24071
расписание электричек сызрань;24064
сколько стоит электричка;24025
расписание электричек пушкино москва;24000
маршрут электрички;23999
расписание электричек ногинск;23989
расписание электричек калининград;23977
расписание электричек малоярославец;23942
расписание электричек подлипки;23938
электрички силикатная;23894
электричка петушки;23888
ржд электрички;23877
расписание электричек со;23850
электричка сызрань самара;23788
электрички лианозово;23784
расписание электричек орехово москва;23768
электрички киевского направления;23730
электричка куровская;23721
расписание электричек тимирязевская;23630
электрички москва казанское направление;23617
электричка апрелевка;23512
расписание электричек черусти;23449
расписание электричек люберцы 1;23437
электричка кириши;23426
нижний новгород электричек сегодня;23266
электричка савелово;23228
расписание электричек дмитров москва;23217
фили электрички;23110
электричка санкт петербург сегодня;23082
расписание электричек 88;23017
электричка дубна;22944
расписание электричек дачное;22919
расписание электричек долгопрудный;22842
расписание электричек курского +на сегодня;22780
расписание электричек орехова зуева москва;22635
расписание электричек орехово зуево москва;22632
расписание электричек клин москва;22373
расписание электричек нижний тагил;22290
расписание электричек кубинка;22288
электричка расторгуева;22281
расписание электричек ярославского направления +на сегодня;22272
савеловский вокзал расписание электричек;22267
электрички расторгуево;22230
расписание электричек северянин;22175
электричка москва фрязино;22104
расписание электричек серпухов москва;22100
ближайшая электричка;22063
расписание электричек сходня;22020
электричка строитель;21984
электричка платформа;21938
проезд +на электричке;21928
электричка волоколамск;21909
электричка тюмень;21893
старые электрички;21889
электричка искитим;21879
расписание электричек балабаново;21875
расписание электричек нижние котлы;21868
электрички сортировочная;21852
электрички ростов +на дону;21805
расписание электричек дмитровская;21734
электричка село;21730
расписание электричек ласточка москва;21713
электрички расписание тучкова;21712
расписание электричек билеты;21706
электричка можайск москва;21683
расписание электричек горьковского направления +из москвы;21589
расписание электричек павловск;21574
пассажирские электрички;21489
ближний электричка;21488
дубно электрички;21428
расписание электричек киров;21419
электричка можно;21418
электрички кучино;21382
расписание электричек царицыно +на сегодня;21374
электричка обухова;21306
электрички москва павелецкий;21163
расписание электричек ярославль;21117
уральская электричка;21035
расписание электричек речной;21031
расписание электричек киевского направления;21021
электричка речной вокзал;21007
электричка курган;20925
электрички обухово;20872
расписание электричек куровская;20775
электричка опалиха;20714
электричка черепаново;20659
расписание электричек обнинск москва;20657
электричка москва савеловская;20643
электричка новороссийск;20622
расписание электричек ессентуки;20540
расписание электричек железнодорожный москва;20537
электричка шедшая;20514
электричка москва шатура;20509
электрички сергиев посад сегодня;20481
поляна электричка;20477
электричка нара москва;20461
электрички +с курского вокзала;20440
расписание электричек подольск царицыно;20417
расписание электричек царицына подольск;20417
электричка гривно;20407
расписание электричек новокузнецк;20364
расписание электричек конаково;20325
расписание электричек гатчина;20223
электричка каменск уральский;20141
туту электрички казанского;20131
расписание электричек петергоф;20081
электричка электрогорск;20065
электричка кунцево;20057
электричка воронеж лиски;20039
расписание электричек москва павелецкая;20024
расписание электричек саратов;19920
павелецкий вокзал расписание электричек;19910
расписание электричек бердск;19909
расписание электричек 2019 +на сегодня;19867
расписание электричек семенов;19830
электрички подлипки дачные;19822
расписание электричек лианозово;19817
электрички хотьково;19783
расписание электричек заволжье;19779
электричка ковров;19772
расписание электричек воды;19762
электричка москва калуга 1;19690
электрички семенов нижний;19657
расписание электричек сентябрь 2019;19648
расписание электричек москва савеловская;19576
электрички москва киевская;19550
туту расписание электричек казанского;19513
электричка лосиноостровская;19511
расписание электричек реутов;19509
расписание электричек силикатная;19471
электрички горьковского сегодня;19380
расписание электричек всеволожск;19291
расписания электричка петушке;19214
расписание электричек петушки;19214
расписание электричек тушино +на сегодня;19191
расписание электричек каменск;19163
электричка петровско;18952
расписание электричек коломна;18931
электричка орел;18911
электричка тушино нахабино;18898
расписание электричек савелов;18884
расписание электричек апрелевка;18856
расписание электричек балашиха;18840
электрички фабричная;18834
расписание электричек савелова;18822
расписание электричек савелово;18789
электричка черемхово;18686
электрички ленинский;18665
электрички электрозаводская;18653
расписание электричек нижний новгород +на сегодня;18637
расписание электричек звенигород;18518
расписание электричек уфа;18491
расписание электричек уф;18491
жд электрички;18453
расписание электричек фрязино москва;18441
расписание электричек расторгуево;18421
расписание электричек фили;18413
расписание электричек экспресс;18335
электричка нахабино сегодня;18303
расписание электричек калуга 1 москва;18153
электрички новогиреево;18150
расписание электричек тула москва;18134
проездной +на электричку;18122
расписание электричек лобня сегодня;18114
электричка утром;18108
электричка выборг санкт;18106
электричка ногинск москва;18098
электричек одинцово сегодня;18091
электрички +на москву ярославское направление;18074
расписание электричек искитим;18049
электрички москва белорусская;18047
электричка выборг санкт петербург;18018
расписание электричек можайск москва;18006
расписание электричек москва киевская;18001
абонемент +на электричку;17999
расписание электричек сортировочная;17981
электрички болшево москва;17961
электричка петровско разумовская;17955
электрички бирюлево;17891
электричка малая;17838
туту ру электрички направление;17802
расписание электричек шатура москва;17780
расписание электричек 2019 года;17757
расписание электричек +на сегодня санкт;17728
курский вокзал москва электрички;17723
расписание электричек санкт петербург +на сегодня;17659
расписание электричек кучино;17649
расписание электричек пассажирский;17643
расписание электричек михнево;17632
движение электричек;17619
электричка нижний новгород семенов;17578
расписание электричек 88 км;17577
электричка курск;17574
электрички сергиев +на сегодня;17517
расписание электричек рязань москва;17498
расписание электричек волховстрой;17487
расписание электричек горьковского сегодня;17459
расписание электричек подлипки дачные;17321
электрички отдых;17320
электрички химки москва;17277
расписание электричек кириши;17258
электрички ховрино;17256
электрички расписание сегодня финляндский;17241
расписание электричек нара москва;17096
+как добраться +на электричке;17087
расписание электричек сызрань самара;17061
расписание электричек спб сегодня;17054
расписание электричек симферополь;17013
расписание электричек опалиха;17012
расписание электричек речной вокзал;16968
расписание электричек челябинск;16966
расписание электричек пушкино сегодня;16950
расписания электричка обухова обухова;16925
расписание электричек дубна;16912
расписание электричек гривно;16879
расписание электричек волоколамск;16879
электрички борисов;16874
электричка ивантеевка москва;16740
электричка конаково москва;16739
расписание поездов +и электричек;16710
электрички столбовая;16707
туту электрички ярославского;16690
цена билета +на электричку;16646
туту ру электричка расписание направления;16633
расписание электричек сергиев посад +на сегодня;16622
расписание электричек обухово;16615
расписание электричек пушкин;16586
электрички софрино;16535
сегодня электричка одинцова расписания;16506
расписание электричек сосново;16498
электрички онлайн;16489
расписание электричек ростов +на дону;16434
электричка лоо;16426
станции электричек москва;16419
расписание электричек москва курский вокзал;16403
электрички минеральные;16393
электричка заволжье нижний;16389
расписание электричек лосиноостровская;16362
последняя электричка;16343
расписание электричек москва белорусская;16336
электричка подольск москва;16320
расписание электричек москва ярославская +на сегодня;16318
расписание электричек черепанова;16266
расписание электричек кашира;16263
расписание электричек черепаново;16250
туту расписание электричек ярославского;16249
электрички лось;16188
расписание электричек цена билета;16033
электричка москва дубна;16002
расписание электричек старый;15956
электричка минеральные воды;15946
электричка со станции;15917
расписание электричек хотьково;15884
расписание электричек фабричная;15872
расписание электричек нахабино тушино;15862
электрички завтра тверь;15859
электричка безенчук;15851
электричка покров;15802
электрички +с киевского;15797
электричка домодедово павелецкий;15758
расписание электричек электрогорск;15728
электрички сегодня химки;15704
расписание электричек кунцево;15698
электричка +до балтийского;15662
расписание электричек воронеж лиски;15633
дмитров электричка сегодня;15617
электрички мытищи сегодня;15616
электрички серп +и молот;15612
электричка правда;15584
расписание электричек семенов нижний;15541
электричка ласточка тверь;15533
электричка захарово;15532
расписание электричек каменск уральский;15528
электросталь электричка;15487
расписание электричек петербург выборг;15458
расписание электричек болшево москва;15450
электричка савелова москва;15413
электричка москва савелово;15398
расписание электричек курского 2019;15385
электричка через;15335
расписание электричек выборг санкт;15302
скоростная электричка;15280
электричка проспект;15256
расписание электричек выборг санкт петербург;15238
расписание электричек купавна;15187
расписание электричек электрозаводская;15184
электричка кокошкино;15179
электричка лобня москва;15132
электричка тимашевск;15122
электричка екатеринбург каменск;15082
расписание электричек платформа;15057
электричка чапаевск;15049
электрички +с московского вокзала;15046
расписание электричек черемхово;15010
расписание электричек новгород заволжье;14987
расписание электричек казанского направления +от москвы;14968
расписание электричек белорусский сегодня;14957
воскресенск электричка;14955
расписание электричек петровско;14936
электричка дзержинск нижний;14922
расписание электричек бирюлево;14888
электричка светлогорск;14833
расписание электричек ленинский;14782
расписание электричек ижевск;14775
электрички +на лобню сегодня;14742
электрички +на санкт петербург завтра;14730
расписание электричек серпухов сегодня;14718
электрички роза;14657
расписание электричек +от ст;14638
расписание электричек новгород семенов;14630
электричка лазаревское сочи;14603
электрички ступина москва;14598
электричка ступино москва;14597
расписание электричек казанского +на сегодня;14527
электричка нижний новгород заволжье;14499
электрички мытищи москва;14484
электричка роза хутор;14460
электричка екатеринбург каменск уральский;14456
электричка балашиха москва;14400
электричка краснодар новороссийск;14394
расписание электричек петровско разумовская;14350
расписание электричек село;14350
электричка монино москва;14342
электрички красногорская;14331
расписание электричек электроугли;14302
расписание электричек новогиреево;14291
электричка жуковка;14263
день электрички;14239
электрички г;14200
электрички мин;14184
электричка поселок;14179
расписание электричек +на выборг;14156
расписание электричек нижний новгород семенов;14131
белая электричка;14130
электричка дорохово;14098
электричка селятино;14058
электрички москва ленинградский;14053
расписание электричек малая;14029
расписание электричек отдых;14021
электрички сасово;14020
электрички муром;13953
расписание электричек санкт петербург +на завтра;13929
электричка арск;13928
расписание электричек ногинск москва;13923
электричка ивантеевка 2;13910
электричка чехов москва;13908
электричка москва павловский;13907
расписание электричек зеленогорск;13903
электричка малаховка;13870
электричка ростов расписание 2019;13856
расписание электричек серп;13852
расписание электричек химки москва;13851
туту электрички горьковского;13843
расписание электричек курган;13819
расписание электричек ковров;13804
расписание электричек орел;13794
туту казанское направление электричек;13789
расписание электричек барыбина;13781
расписание электричек барыбино;13777
электрички павловский посад москва;13756
расписание электричек ивантеевка москва;13713
расписание электричек конаково москва;13648
электрички колпино московский;13641
электричка зеленоградск;13629
электрички фрязево москва;13625
электричка катуар;13612
электричка лихославль;13585
электрички пискаревка;13578
расписание электричек поляны;13473
электричка кукмор;13464
расписание электричек столбовая;13452
расписание пригородных электричек;13434
расписание электричек ховрино;13393
электрички лесная;13364
электричка петергоф балтийский;13337
туту расписание электричек горьковского;13331
электрички тверь москва ласточка;13320
электрички +до пушкина;13319
туту расписание электричек казанского направления;13310
тута расписание электричек казанского направления;13310
электричка орша;13289
электрички +на александров сегодня;13260
расписание электричек ярославского направления +из москвы;13245
электричка барановичи;13237
депо электричек;13231
электрички воронок москва;13221
экспресс электричка москва;13208
электричка +до домодедово;13197
расписание электричек серп +и молот;13185
расписание электричек софрино;13160
расписание электричек лось;13160
электричка трикотажная;13159
электричка 3;13156
расписание электричек борисов;13155
электричка сочи адлер;13129
электричка пермь кунгур;13128
электричка балабанова москва;13106
электричка +на самару сегодня;13094
электричка балабаново москва;13093
москва расписание электричек ленинградское;13011
электричка липяги;12966
расписание электричек время;12947
расписание электричек заволжье нижний;12937
электрички подсолнечная москва;12853
расписание электричек сиверская;12851
расписание электричек александров +на сегодня;12840
екатеринбург тагил электричка;12816
рабочая электричка;12808
электричка похвистнево;12795
расписание электричек москва савелов;12794
расписание электричек москва савелова;12782
расписание электричек савелово москва;12777
расписание электричек москва савелова савелово;12777
электричка нижний новгород дзержинск;12766
электрички +на минск сегодня;12756
расписание электричек нижний +на завтра;12704
электричка львовская;12661
расписание электричек правда;12640
расписание электричек нижний новгород 2019;12640
электричка +до аэропорта;12632
электричка усолье;12620
электричка малая вишера;12612
электрички 5;12592
электрички реутово;12568
+как доехать +на электричке москва;12513
электрички +на серпухов сегодня;12513
расписание электричек лобня москва;12507
электрички одинцово москва;12464
одинцова москва электрички;12464
электрички домодедово москва;12448
расписание электричек новороссийск;12430
расписание электричек дубна москва;12424
электричка московский вокзал колпино;12420
электричка водники;12415
расписание электричек кокошкино;12381
прибытие электрички;12379
парк электрички;12372
электрички покровское;12356
расписание электричек мытищи +на сегодня;12352
электричка кутузовская;12319
электрички химки расписание +на сегодня;12268
расписание электричек захарово;12253
электрички нижняя екатеринбург;12238
расписание электричек безенчук;12233
перерва электрички;12230
электричка заринск;12220
расписание электричек жуковка;12212
электричка бесплатно;12212
расписание электричек красногорская;12211
расписание электричек талдом;12194
электрички красный строитель;12185
расписание электричек чкаловская;12176
расписание электричек тюмень;12174
электричка рязань сасово;12155
рязань сасова электричка;12155
расписание электричек павелецкая домодедово;12151
электричка владимир ковров;12142
расписание электричек курского направления 2019;12131
электричка новый петергоф;12095
расписание электричек самара +на сегодня;12095
расписание электричек борис;12089
расписание электричек каменск екатеринбург;12086
большие электрички;12080
расписание электричек +на минск сегодня;12077
электрички москва сергиев сегодня;12069
ржд расписание электричек;12063
билеты +на электричку москва;12036
электричка бологое;12008
расписание электричек покров;12006
электричка екатеринбург нижний тагил;11993
электричка минск молодечно;11986
электричка пятигорск кисловодск;11983
расписание электричек коченево;11944
туту электричка ленинградского;11941
электричка всеволожск финляндский;11938
расписание электричек проспект;11929
электрички тверь москва ласточка расписание;11926
расписания электричек монина москва;11921
расписание электричек монино москва;11921
электрички +на лугу;11904
расписание электричек железнодорожный сегодня;11892
электрички +на клин сегодня;11882
расписание электричек кунгур;11879
билет +на электричку стоит;11866
электрички московская область;11858
остановки электрички москва;11815
электричка хлебниково;11800
электричка болотное;11788
электричка перловская;11787
расписание электричек нижний новгород заволжье;11768
расписание электричек ступино москва;11765
электричка н;11765
расписание электричек минеральные;11753
расписание электричек километр;11722
расписание электричек екатеринбург каменск уральский;11709
электричка луховицы;11687
вокзал станции электричек;11673
электричка коломна москва;11663
фрязево москва расписание электричек;11654
расписание электричек ивантеевка 2;11641
электричка расписание коренева;11640
расписание электричек коренево;11639
расписание электричек цена москва;11635
туту расписание электричек ленинградского;11616
расписание электричек щелково;11583
расписание электричек снегири;11517
расписание электричек москва павловский;11512
электричка москва черусти;11469
расписание электричек минеральные воды;11447
билет +на электричку онлайн;11427
расписание электричек павловский посад москва;11420
расписание электричек москва курская сегодня;11414
электричка ангарск;11401
электричка таганрог расписание 2019;11399
расписание электричек воронок москва;11399
расписание электричек катуар;11396
расписание электричек подольск москва;11376
сергиев посад москва расписание электричек сегодня;11349
электричка савеловский сегодня;11330
электричка спб луга;11325
расписание электрички ласточка +на сегодня;11301
электричка редкино;11292
электричка тогучин;11277
расписание электричек светлогорск;11275
расписание электричек голутвин сегодня;11274
электрички волочек;11272
электричка икша;11262
сколько стоит билет +на электричку;11261
электричка волгоград 1;11255
расписание электричек нижний дзержинск;11252
электричка краснодар тимашевск;11241
электричка звенигород москва;11241
электричка пл;11231
почему электричек;11218
электричка рыбацкое;11184
электрички питер;11174
расписание электричек приозерск;11169
расписание электричек лоо;11167
расписание электричек малаховка;11149
электричка смоленск;11133
расписание электричек чапаевск;11132
электрички зеленоградская;11124
стоимость билета +на электричку;11120
электричка малоярославец москва;11112
жд расписание электричек;11105
расписание электричек мытищи москва;11099
расписание электричек со станции;11093
электрички расписание балтийский сегодня;11092
туту электрички +на сегодня;11076
электричка ласточка краснодар;11060
расписание электричек селятино;11050
туту ярославское направление электрички;11019
электрички сегодня новосибирск;11016
расписание электричек подсолнечная москва;10981
электричка москва петушки;10978
электричка москва петушках;10978
расписание электричек электросталь;10972
электрички южное;10969
расписание электричек балашиха москва;10955
электричка москва ярославль;10951
электрички туту расписание +на сегодня;10932
расписание электричек курск;10927
расписание электричек +на сегодня клин;10925
электрички царское;10922
расписание электричек рижского +на сегодня;10910
электричка истра тушино;10900
электрички белорусская одинцово;10891
электричка куровское москва;10884
расписания электричек сасова;10867
расписание электричек сасово;10867
1 электричка завтра;10856
расписание электричек савеловского сегодня;10853
электричка калининград светлогорск;10852
электричка дагомыс;10846
схема направлений электричек;10816
расписание электричек трикотажная;10803
расписание электричек +на 19;10803
электричка междуреченск;10797
расписание электричек воскресенск;10793
расписание электричек пискаревка;10783
расписание электричек горьковского направления +из москвы сегодня;10778
расписание электричек депо;10774
расписание электричек дорохово;10758
расписание электричек струнино;10738
электричка барабинск;10726
электрички царское село;10708
электричка калининград зеленоградск;10708
электрички харьков;10707
балабанова москва расписание электричек;10700
расписание электричек балабаново москва;10688
электрички расписание 2019 цена;10685
туту расписание электричек ярославского направления;10682
расписание электричек муром;10675
электричка калище;10666
электричка сестрорецк;10660
электричка балтийский вокзал петергоф;10652
электричка туапсе сочи;10644
электрички жаворонки;10633
сетунь электричка;10626
туту электрички горьковского направления;10609
расписание электричек саблино;10607
расписание электрички западный;10594
электричка гатчина балтийская;10591
электрички товарная;10578
электричка бердск новосибирск;10577
электричка 21;10573
расписание электричек арск;10555
расписание электричек белая;10547
расписание электричек бела;10547
расписание электричек новосибирск сегодня;10535
электричка подольск курская;10527
электричка савеловская дмитров;10524
электрички пути;10513
курский вокзал электрички сегодня;10512
расписание электричек +на лугу;10504
расписание электричек кукмор;10496
электрички лесной городок;10493
электрички электрогорск москва;10487
расписание электричек шаховская;10480
расписание электричек зеленоградск;10460
электричка гагарин;10438
расписание электричек липяги;10437
электричка ясногорск;10437
электричка компрессорный;10430
электрички павшино сегодня;10424
расписание электричек малая вишера;10423
электричка спб выборг;10417
зеленые электрички;10404
электрички 14;10395
расписание электричек вырица;10377
электричка солнечногорск;10353
электричка перово;10351
расписание электричек перерва;10345
расписание электричек лихославль;10345
электричка джанкой;10343
электричка москва ярославский вокзал;10310
электрички петербург колпино;10308
расписание электричек тагил екатеринбург;10305
черепанова новосибирск электричка;10280
электричка никольское;10279
электричка центр;10278
электричка барнаул заринск;10274
электричка нижний новгород +на завтра;10272
расписание электричек водники;10270
электричка люблино;10268
электричка новосибирск черепаново;10264
расписание электричек москва черусти;10259
расписание электричек львовская;10250
электрички савеловское направление москва;10223
колпино вокзал расписание электричек;10222
электричка ростов краснодар;10213
электричек +на завтра спб;10212
электрички лихославль тверь;10209
электрички брянски жуковка;10206
туту расписание электричек горьковского направления;10203
расписание электричек чехов москва;10192
расписание электричек узунова;10190
электричка брянск жуковка;10180
расписание электричек узуново;10169
электрички санкт колпино;10152
расписание электричек кутузовская;10146
расписание электричек московский вокзал колпино;10144
расписание электричек лазаревское сочи;10138
туту электрички курский;10137
электричка купчино павловск;10118
электричка колпино санкт петербург;10106
электричка исилькуль;10106
электричка +до всеволожска;10103
электрички +с киевского вокзала;10100
расписание электричек новгород дзержинск;10093
электрички ленинградского направления сегодня;10085
электричка ласточка сочи;10079
задержка электричек;10067
расписание электричек отрадное;10051
электричка иркутск черемхово;10044
электрички тучкова москва;10038
расписание электричек красный строитель;10032
электричка тучково москва;10023
расписание электричек тимашевск;10017
расписание электричек всеволожск финляндский;10009
расписание электричек покровское;10008
электрички рижского направления сегодня;10000
вокзалы санкт петербурга расписание электричек;9998
сегодня электричка девяткино;9987
электрички рязань 1;9985
расписание электричек новый петергоф;9982
электрички +на голутвин сегодня;9979
расписание электричек лесной;9971
электрички подлипки москва;9948
расписание электричек курский +на завтра;9937
электричка брест;9927
расписание электричек москва сергиев +на сегодня;9915
расписание электричек дзержинск нижний новгород;9915
электрички сибирская;9914
электричка таганрог ростов 2019;9900
электричка +на рязань сегодня;9896
электричка царицыно чехов;9887
электрички чехов царицына;9887
расписание электричек екатеринбург нижний;9879
электрички раменское москва;9879
егорьевск электричка;9878
расписание электричек новосибирск 2019;9877
расписание станций электричек москва;9862
расписание электричек завидова;9847
расписание электричек ожерелье;9842
расписание электричек завидово;9840
подрезково электрички;9838
электричка царицыно серпухов;9837
расписание +и цена электричек;9804
расписание электрички г;9789
расписание электричек ростов таганрог 2019;9785
расписание электричек минск молодечно;9783
расписание электричек ленинградского направления сегодня;9772
электрички +с балтийского вокзала;9769
расписание электричек бронницы;9765
электрички одинцово беговая;9761
электрички беговая одинцова;9761
электрички москва сергиев посад +на сегодня;9754
расписание электричек пермь кунгур;9750
изменение электричек белорусского;9739
туту расписание электричек курского;9738
расписание электричек екатеринбург нижний тагил;9736
расписание электричек нижний новгород +на завтра;9731
расписание электричек павшино сегодня;9722
расписание электричек белорусского направления 2019;9703
электричка урень;9703
изменение расписания электричек белорусского;9696
электрички тушино павшино;9686
расписание электричек коломенское;9674
электрички расписание москва км;9666
расписание электричек домодедово москва;9666
перхушково электричка;9662
электрички расписание +на чехов сегодня;9659
расписание электричек истра сегодня;9653
расписание электричек хлебниково;9650
электрички вербилки;9640
расписание электричек куровское москва;9634
расписание электричек экспресс москва;9629
расписание электричек реутово;9626
электрички вышний;9617
расписание электричек роза;9607
расписание электричек +на октябрь 2019;9603
расписание электрички хутор;9588
электрички ярославского направления сегодня +из москвы;9586
расписание электричек +до посада;9584
электричек часы;9574
час электричке;9572
расписание электричек томилино;9569
расписание электричек любань;9566
расписание электричек тогучин;9560
расстояние электричек;9558
расписание электричек пл;9556
электричка ласточка завтра;9548
купить онлайн +на электричку;9547
расписание электричек город;9541
расписание электричек ярославского +на завтра;9539
расписание электрички рязань сасова;9528
расписание электричек рязань сасово;9528
электричка москворецкая;9526
расписание электричек +с учетом;9524
расписание электричек гжель;9517
расписание электричек роза хутор;9517
электричка арзамас;9515
расписание электричек усолье;9510
расписание электричек савеловская дмитров;9501
электричка кисловодск ессентуки;9498
расписание электричек ярославского направления +из москвы сегодня;9495
расписание электричек перловская;9482
турист электричка;9467
расписание электричек н;9464
электрички олимпийский;9461
электричка очаково;9457
купить билет +на электричку онлайн;9449
электричка армавир;9449
электричка кашира москва;9441
завтра электричка сергиев посад;9434
расписание электричек москва ярославский вокзал;9414
электрички ручьи;9398
электрички крутое;9394
электрички сегодня можайск;9389
электричка пермь верещагино;9388
электричка усмань;9379
расписание электричек аэропорт домодедово;9369
электрички спб колпино;9367
электричка вышний волочек;9366
электричка 47;9362
электричка сходня москва;9349
расписание электричек малоярославец москва;9348
зеленоград электричка;9348
электрички дрезна;9342
электричка минск борисов;9330
расписание электричек пятигорск кисловодск;9323
электричка вятские;9320
электричка токсово;9275
электричка искитим новосибирск;9274
расписание электричек +на рязань сегодня;9262
электричка шахунья;9260
электрички сегодня +на нара;9244
расписание электричек балтийский гатчина;9215
электрички ярославского сергиев посад;9165
расписание электричек пионерская;9160
где электричка;9158
электричка новосибирск коченево;9157
электричка щербинка царицыно;9141
электричка томск;9139
электричка вятские поляны;9134
электричка заря;9130
электричка 15;9129
электрички курская железнодорожный;9125
электричка текстильщики подольск;9122
расписание электричек петергоф балтийский вокзал;9120
расписание электричек волгоград 1;9115
расписание электричек санкт колпино;9108
расписание электричек похвистнево;9106
тройка электричка;9101
расписание электричек икша;9096
электричка лигово;9096
электрички расписание ярославское сергиев;9093
расписание электричек луховицы;9086
расписание электричек луга спб;9085
электрички +с витебского вокзала;9081
расписание электричек колпино санкт петербург;9072
расписание электричек петушки москва;9060
электрички москва тверь +на сегодня;9058
электричка котельнич;9054
борис минск электрички;9047
расписание электричек новороссийск краснодар;9044
электричка самара похвистнево;9031
электрички волхов;9021
электрички щербинка сегодня;9009
расписания электричек одинцова москва;8999
расписание электричек одинцово москва;8999
расписание электричек казанского +на москву сегодня;8994
расписание электричек истра тушино;8980
скорость электрички;8975
электричка севастополь;8969
расписание электричек московский +на сегодня;8966
электричка омск исилькуль;8962
электрички ленинградского направления москва;8959
электричка антропшино;8957
электричка ессентуки пятигорск;8956
электричка заканальная;8937
расписание электричек заринск;8930
электрички бирюлево пассажирская;8921
расписание электричек нара +на сегодня;8914
электричка москва казанский вокзал;8911
электричка 16;8907
расписание электричек бологое;8903
расписание электричек +на завтра спб;8900
электричка краснодар сочи;8899
расписание электричек одинцова белорусский;8881
расписание электричек одинцово белорусский;8880
расписание электричек курская подольск;8870
электричка старый петергоф;8864
электричка староминская;8860
местные электрички;8856
расписание электричек ленинский проспект;8851
электричка верхняя;8845
расписание электричек +с учетом изменений;8843
расписание электричек калуга сегодня;8830
электричка самара безенчук;8825
электрички +с белорусского вокзала;8821
расписание электричек +на сегодня ленинградская;8802
расписание электричек брянск жуковка;8797
расписание электричек редкино;8795
расписание электричек рижского направления +на сегодня;8778
расписание электричек сочи адлер;8774
туту электрички курского направления;8773
расписание электричек екатеринбург 2019;8773
электричка +до истры;8771
электричка восточное;8769
расписание электричек ладожский вокзал;8768
расписание электричек купчино сегодня;8757
расписание электричек ласточка +на завтра;8757
отправление электричек;8750
электричка вязьма;8739
электричка краснодар цены;8730
электричка хабаровск;8726
электричка машиностроитель;8726
электричка москворечье;8722
электричка гагаринская;8720
электрички ильинская;8719
скачать электрички;8718
расписание электричек товарная;8708
расписание электричек зеленоградская;8700
1 электричка +на москву;8697
электричка рыбное;8697
расписание электричек бескудниково;8694
электричка чудово;8689
расписание электричек владимир ковров;8687
электрички взлетная;8684
расписание электричек тверь москва +на сегодня;8681
расписание электричек подольск +с изменениями;8676
расписание электричек быкова;8669
расписание электричек быково;8666
расписание электричек подлипки москва;8652
электрички чухлинка;8650
расписание электричек рыбацкое;8647
электричка междуреченск новокузнецк;8645
жд вокзал электрички;8632
расписание электричек орехово +на сегодня;8618
электрички н новгород;8610
расписание местных электричек;8588
электрички 7;8588
расписание электричек весенняя;8573
расписание электричек калище;8561
электрички крюкова москва сегодня;8558
электричка песня;8552
расписание электричек электрогорск москва;8546
расписание электричек девяткино сегодня;8538
электричка ижевск казань;8534
расписание электричек московский вокзал +на сегодня;8522
туту расписание электричек курского направления;8521
электрички 2018;8508
расписание электричек сетунь;8505
электричка савеловский лобня;8504
расписание электричек мин;8474
электрички москва дачная;8471
электричка навля;8464
расписание электричек верещагино;8460
электрички курорт;8457
расписание электричек крюково +с изменениями;8455
электрички дегунино;8451
орехово зуево электрички +на сегодня;8444
расписание электричек жаворонки;8444
электрички новоиерусалимская;8443
расписание электричек ярославский посад;8434
расписание электричек самара +на завтра;8431
электричка казанский голутвин;8427
электричка 13;8425
расписание электричек южная;8422
расписание электричек харьков;8422
расписание электричек калининград светлогорск;8421
сегодня электричка расписание щербинка;8404
электрички +на александров +на завтра;8398
электрички заветы;8397
звенигород москва расписание электричек;8391
расписание электричек ярославского сергиев посад;8390
расписание электричек калининград зеленоградск;8383
электричка новосибирск тогучин;8376
электричка пенза;8371
расписание электричек сергиев посад +на завтра;8357
электричка 6;8348
электричка балтиец;8341
туту ленинградское направление электрички;8339
расписание электричек +на сегодня люберцы;8334
электричка апрелевка москва;8325
электричка автобус;8323
электричка олимпийский парк;8314
изменение расписания электричек рижского;8311
расписание электричек шатура +на сегодня;8296
расписание электричек казанского +на завтра;8291
расписание электричек мин воды;8288
изменения электричек белорусского направления;8288
расписание электричек никольское;8287
электричка рабочий поселок;8287
завтра электричка +на рязань;8285
расписание электричек волочек;8282
расписание электричек купчино павловск;8282
электрички +на субботу;8270
электричка ласточка расписание цена;8270
расписание электричек 3;8268
электричка куровская москва;8264
расписание электричек ласточка краснодар;8261
изменения расписания электричек белорусского направления;8259
электрички красногорск;8259
расписание электричек царское;8254
расписание электричек ангарск;8243
электричка воронеж усмань;8243
расписание электричек голицыно сегодня;8240
расписание электричек ясногорск;8240
расписание электричек павшино тушино;8239
электричка сайт;8222
расписание электричек сегодня крюкова москва;8218
расписание электричек 21;8218
электрички фрезер;8214
электрички болшево сегодня;8199
расписание электричек коломна москва;8196
электричка красный балтиец;8194
электричка карачарово;8192
электричка хотьково москва;8187
электрички белгород;8186
расписание электричек орехово зуево +на сегодня;8180
электричка правдинск;8173
расписание электричек сестрорецк;8172
льготы +на электричку;8169
расписание электричек лесной городок;8166
расписание электричек рязань 1;8166
расписание электричек москва казанский вокзал;8159
расписание электричек новосибирск черепаново;8148
туту расписание электричек ленинградского направления;8146
туту электрички 2019;8126
расписание электричек перово;8122
расписание электричек царское село;8118
электричка новосибирск болотное;8111
электрички рижского направления изменения;8107
волга волга электричка;8104
расписание электричек черемхово иркутск;8102
электричка кубинка москва;8084
электричка +до орехово;8074
электричка сочи сегодня;8073
расписание электричек большая;8069
расписание электричек царицыно чехов;8059
электричка +на калугу сегодня;8047
электричка казань кукмор;8045
электричка наро;8041
электричка петербург кириши;8039
расписание электричек сибирская;8033
электричка 4;8024
электрички горьковского направления +на москву;8023
расписание электричек поварово;8021
электричка бор;8020
расписание электричек царицыно серпухов;8017
расписание электричек серпухов завтра;8010
электрички +на тосно сегодня;7997
расписание электричек тучково москва;7996
вокзал электричек домодедово;7994
расписание электричек горы;7987
электрички лобня окружная;7984
электричка сегодня +на можайском;7957
расписание +на завтра электричек александров;7956
расписания электричек одинцова беговая;7948
расписание электричек одинцово беговая;7948
электрички удельная сегодня;7945
расписание электричек компрессорный;7943
гражданская электрички;7929
расписание электричек москворецкая;7929
электрички кириши санкт;7917
расписание электричек рощино;7911
обнинск электричек сегодня;7904
электрички дедовск тушино;7899
расписание электричек междуреченск;7895
расписание электричек зеленый;7894
электричка санкт петербург кириши;7884
электрички заветы ильича;7880
расписание электричек новосибирск коченево;7879
расписание электричек очакова;7869
расписание электричек очаково;7869
расписание электричек крутое;7868
расписание электричек ласточка сочи;7868
электричка тарусская;7859
расписание электричек кашира москва;7836
расписание электричек раменское москва;7830
расписание электричек вербилки;7821
расписание электричек лихославль тверь;7817
электрички выхино изменения;7814
электричка ряжск;7804
расписание электричек подрезково;7789
расписание электричек новосибирск искитим;7785
расписание электричек бердск новосибирск;7783
электрички спб кириши;7778
электрички ивановская;7775
расписание электричек джанкой;7770
электрички +на волховстрой;7769
туту электрички белорусский;7767
курская железнодорожный расписание электричек;7765
электричка хоста;7763
электричка москва каланчевская;7763
расписание электричек краснодар тимашевск;7759
расписание рабочей электрички;7740
туту расписание электричек 2019;7735
электричка пушкин витебский;7723
туту ру электрички москва;7722
отмена электричек;7719
расписание электричек белорусского направления 2019 +с изменениями;7718
изменение электричек +на шатуру;7714
расписание электричек туапсе сочи;7703
расписание электричек текстильщики подольск;7694
расписание электричек пермь сегодня;7692
расписание электричек 2018;7681
расписание электричек казанский голутвин;7676
расписание электрички ласточка 2019;7664
расписание электричек бирюлево пассажирская;7654
электричка авсюнино;7650
изменения +в расписании электричек;7650
электричка +с какого вокзала;7638
электрички раменское сегодня;7638
расписание электричек дрезна;7632
электричка балтийский луга;7632
расписание электрички выхино +с изменениями;7631
расписание электричек ораниенбаум;7631
электрички александров москва +на сегодня;7622
электрички верх;7611
расписание электричек серпухов изменениями;7606
расписание электричек люблино;7602
электрички выхино раменское;7601
электричка раменский выхино;7601
туту расписание электричек белорусского;7597
расписание электричек перхушково;7597
электричка захарово москва;7588
расписание электричек +на рязань +на завтра;7587
электричка липяги самара;7584
электрички подлипки дачные москва;7577
расписание скоростных электричек;7573
расписание электричек барнаул заринск;7573
расписание электричек татьянино;7570
сколько ехать +на электричке;7570
расписание электричек курского направления +на сегодня;7569
электричка горячий;7567
электрички усолье сибирское;7559
электричка лоо сочи;7555
расписание электричек пермь верещагино;7535
расписание электричек сходня москва;7532
электричка 8;7522
расписание электричек ессентуки кисловодск;7515
электрички тосно спб;7513
расписание электричек александров москва +на сегодня;7503
расписание электричек +на сегодня +на можайском;7503
расписание электричек местное время;7499
электричка навля брянск;7493
электричка павловск витебский;7486
электричка северный;7483
электричка краснодар 1;7480
электрички 18;7472
расписание электричек +на сегодня беговая;7471
расписание электричек павелецкого направления +из москвы;7461
туту расписание электричек направления +на сегодня;7460
расписание электричек щербинка царицыно;7455
расписание электричек царицына щербинка;7455
расписание электричек 2019г;7453
расписание электричек брест;7449
электрички москва киевский вокзал;7448
расписание электричек машиностроитель;7445
москва дачная расписание электричек;7443
электричка конобеево;7431
электричка новосибирск барабинск;7431
расписание электричек лобня савеловский;7428
электричка +до чехова;7425
расписание электричек сочи сегодня;7421
расписание электричек гороховец;7420
расписание электричек куровская москва;7416
расписание электричек лигово;7416
электричка кузьмолово;7401
расписание электричек исилькуль;7397
электрички жодино;7394
электрички белорусская можайск;7391
расписание электричек заканальная;7391
электричка сеятель;7378
электричек направления +от москвы +на сегодня;7376
электричка домодедово павелецкий вокзал;7374
расписание электричек переделкино;7372
электричка санкт петербург московский;7366
расписание электричек +на субботу;7362
расписание электричек москва +на можайском;7347
расписание электричек антропшино;7345
электрички воскресенье;7343
электрички левобережная;7340
расписание электричек ильинская;7338
электричка виноградово;7325
расписание электричек н новгород;7325
электричка кисловодск сегодня;7318
расписание электричек урень;7312
расписание электричек гагаринская;7307
стоимость электрички москва;7303
электричка +на клин +на завтра;7295
расписание электричек смоленск;7288
расписание электричек усмань;7281
расписание электричек ручьи;7272
расписание электричек 14;7268
электрички крюково москва +на сегодня;7263
электричка +до сосново;7259
удельная расписание электричек сегодня;7258
расписание электричек чухлинка;7258
расписание электричек савеловского направления +из москвы;7256
электрички тверь москва +на завтра;7248
расписание электричка александр москва +на сегодня;7238
электрички курская серпухов;7233
расписание электричек новосибирск тогучин;7229
расписание электричек турист;7219
расписание электричек раменское сегодня;7218
расписание электричек казанского направления +на сегодня;7212
расписание электричек борисов минск;7212
электрички белые столбы;7211
голицына москва электричке;7202
расписание электричек балтийский луга;7201
расписание электричек вековка;7200
электричка голицыно москва;7200
расписание электричек фрезер;7196
расписание электричек краснодар цены;7186
электричка электросталь москва;7182
расписание электричек дагомыс;7178
электричка +до новгорода;7178
расписание электричек 10;7177
электричка зима;7175
электричка +до выборга;7164
расписание электричек 47;7163
расписание электричек заря;7161
расписание электричек голутвин завтра;7161
электричка великий;7160
электрички старая деревня;7160
расписание электричек взлетная;7153
расписание электричек крюково москва +на сегодня;7151
электрички петербург волховстрой;7145
электричка шемордан;7143
электричка чапаевск самара;7132
расписание электричек центр;7126
электричка михнево москва;7125
тосно петербург электрички;7123
расписание электричек гагарин;7118
электричка +на ростов сегодня;7115
расписание электричек старый петергоф;7083
электрички +до крюкова;7083
расписание электричек москворечье;7078
москва киевский вокзал расписание электричек;7077
расписание минск борису электрички;7077
электричка россошь;7076
электрички +на подсолнечную сегодня;7074
электрички волховстрой санкт;7074
электричка горячий ключ;7067
сбила электричка;7048
сбитый электричкой;7048
расписание электричек чудово;7046
электричка первомайская;7041
электричка волховстрой санкт петербург;7041
расписание электричек горьковского +в москву;7039
электричка голутвин +на завтра;7038
электричка талдом москва;7035
электричка имеретинский;7033
электричка санкт петербург финляндский;7019
электричка ласточка выборг;7017
электрички ярославский пушкино;7007
туту ру расписание электричек москва;7007
расписание электричек сочи 2019;6999
электрички изменение расписания голутвин;6996
расписание электричек дегунино;6993
расписание электричек барабинск;6990
электричка тверь бологое;6981
электричка останкино;6977
расписание электричек спб выборг;6976
электричка 88 москва;6972
электрички детская;6968
расписание электричек рижского направления 2019;6964
расписание электричек токсово;6962
пригород электрички;6960
расписание электричек вышний волочек;6954
расписание электричек окружная сегодня;6930
электричка балахна;6927
электричка лобня тимирязевская;6923
электричка сухиничи;6921
электричка родники;6920
электричка обнинск калуга;6917
расписание электричек ессентуки пятигорск;6917
электричка вологда;6914
расписание электричек красный балтиец;6914
электрички луга санкт;6911
электричка урень нижний;6904
расписание электричек окружная лобня;6903
расписание электричек шахунья;6901
электричка тосно санкт;6900
расписание электричек безенчук самара;6899
расписание электричек навля;6897
расписание электричек солнечная;6894
расписание электричек арзамас;6892
трехгорка электричка;6891
электрички +на калугу завтра;6890
электричка красное село;6876
электрички тосно санкт петербург;6872
расписание электричек павелецкого 2019;6861
расписание электричек 2 москва;6860
расписание электричек рыбное;6859
электричка луга санкт петербург;6859
электричек битца;6854
расписание электричек ростов +на сегодня;6848
расписание электричек новоиерусалимская;6844
расписание казанского вокзала электрички сегодня;6837
электричка волоколамск москва;6837
расписание электричек апрелевка москва;6833
электричка тальменка;6827
электричка оренбург;6826
электрички васильево;6825
расписание электричек егорьевск;6816
электрички фрязино сегодня;6812
первая электричка;6809
расписание электричек заветы;6809
первые электрички;6809
электричка купавна москва;6806
расписание электричек витебский сегодня;6797
электричка +на месяц;6794
расписание электричек тверь москва +на завтра;6790
электричка девяткино сосново;6787
электрички курская фрязево;6765
электрички +до дмитрова;6761
электричка храпуново;6757
расписание электричек хотьково москва;6757
электричка яхрома;6752
расписание электричек рабочий поселок;6751
электричка курский владимир;6743
электрички манихино;6741
расписание электричек белорусская можайск;6739
электричка симферополь севастополь;6733
электричка урень новгород;6733
туту электрички белорусского направления;6721
расписание движения электричек;6709
белоозерская электрички;6705
расписание электричек омск исилькуль;6700
расписание электричек +на завтра царицыно;6694
электричка краснодар расписание 2019;6693
электрички ухтомская;6690
расписание электричек подлипки дачные москва;6685
расписание электричек тайга;6683
электрички песочная;6676
электричка тихорецк;6672
электрички +с павелецкого вокзала;6672
электрички панки;6669
расписание электричек авсюнино;6661
электричка трудовая;6661
электрички кабаново;6658
электрички нахабино тушино сегодня;6651
расписание электричек ветлужская;6649
электрички ярославского направления завтра;6645
варшавская электрички;6645
электричка новый петергоф балтийский;6630
расписание электричек котельнич;6629
расписание электричек +от девяткина;6624
электричка ртищево;6609
электрички евпатория;6596
расписание электричек белорусского направления туту;6586
электричка киров котельнич;6582
расписание электричек кириши петербург;6580
электричка ржевская;6576
электрички подольск царицыно +на сегодня;6576
электричка новосибирск барнаул;6574
расписание электричек белорусская завтра;6568
расписание электричек верхней;6567
расписание электричек москва каланчевская;6565
расписание электричек новосибирск болотное;6565
расписание электричек карачарово;6562
расписание электричек воронеж сегодня;6561
расписание электричек дне;6549
расписание электричек тарусская;6546
электрички тестовская;6543
электричка чехов серпухов;6541
электричка истра москва;6539
расписание электричек крюково сегодня +с изменениями;6534
расписание электричек санкт кириши;6515
расписание электричек брянск сегодня;6515
расписание электричек воронеж усмань;6511
электричка +на молодечно;6510
электричка чкаловская москва;6508
расписание электричек вязьма;6508
электричка усолье иркутск;6505
расписание электричек самара похвистнево;6501
расписание электричек пушкин витебский;6501
расписание электричек дедовск тушино;6498
электричка рязань ряжск;6492
расписание электричек кириши санкт петербург;6489
расписание электричек междуреченск новокузнецк;6475
электричка баковка;6471
электричка +для пенсионеров;6458
расписание электричек москва ярославль;6454
расписание электричек домодедово сегодня;6452
электричка батайск;6451
электричка +в сентябре;6444
расписание электричек заветы ильича;6441
вагон электрички;6440
электричка расписание +на подольск +на завтра;6426
электрички мирная;6426
электричка сейчас;6420
расписание электричек гражданская;6415
расписание электричек верх;6414
электричка 9;6409
показать электричку;6395
электричка кинель;6393
расписание электричек конобеево;6391
расписание электричек вятские;6389
расписание электричек день;6388
электричка жилево;6387
расписание электричек казанского направления +на москву сегодня;6387
сев электричка;6381
расписание электричек +до одинцова;6379
электричка выхино шатура;6374
расписание электричек выхино раменское;6373
расписание электричек кукмор казань;6371
электричка тимирязевская сегодня;6366
электрички павловский посад сегодня;6352
расписание электричек ярославского направления +на завтра;6352
расписание электричек царицыно подольск +на сегодня;6344
расписание электричек орехово зуево завтра;6342
электричка +в сторону;6334
туту электричка финляндский;6322
электричка красково;6320
электрички посад александров;6318
электрички детям;6313
электричка сколково;6309
расписание электричек верх нейвинск;6303
электричка джанкой симферополь;6294
электричка поповка;6293
расписание электричек курская серпухов;6292
электрички сочи цена;6290
расписание электричек правдинск;6282
электричка силикатная царицыно;6273
электричка щелково москва;6273
электричка +на воронеж сегодня;6272
расписание электричек вятские поляны;6266
электричка +на минск завтра;6263
электрички клин тверь;6261
электричка казань расписание 2019;6259
расписание электричек олимпийский;6257
электричка сколько время;6245
электрички москва курское направление;6245
расписание электричек михнево москва;6243
расписание электричек усолье сибирское;6225
расписание электричек волховстрой санкт;6205
электрички +с финляндского завтра;6202
расписание электричек волга;6202
электричка осиповичи;6199
железнодорожный направление электричек;6198
электричка пятилетка;6196
электричка шахунья нижний;6190
расписание электричек павловск витебский;6182
электрички пушкино москва +на сегодня;6181
электрички аэропорт вокзал;6180
расписание электричек волховстрой санкт петербург;6179
электрички опалиха тушино;6177
электричка заканальная волгоград;6167
расписание электричек захарова москва;6165
расписание электричек +на куровское +на сегодня;6162
расписание электричек виноградово;6161
расписание электричек курская владимир;6160
расписание электричек захарово москва;6151
расписание электричек 15;6149
расписание электричек кубинка москва;6146
расписание электричек +на сегодня каланчевская;6138
расписание электричек пригород;6135
электрички имеретинский курорт;6130
электричка слава;6122
электричка молодежная;6122
расписание электричек 88 москва;6120
электричка витебский вокзал пушкин;6118
расписание электричек навля брянск;6114
электрички официальный сайт;6106
электричка луговая;6105
расписание электричек ростов краснодар;6098
электричка урень нижний новгород;6084
электричка александров сергиев;6081
расписание электричек орехово москва сегодня;6076
расписание электричек линда;6076
расписание электричек через;6071
электричка матвеевка;6063
расписание электричек павелецкого направления 2019;6062
электрички +до павловска;6051
городская электричка;6047
жд вокзал расписание электричек;6044
расписание электричек сходня сегодня;6044
электричка волочек тверь;6038
электричка тайнинская;6038
электричка 47 км;6037
москва пушкина расписание электричек +на сегодня;6031
расписание электричек москва пушкино +на сегодня;6030
расписание электричек ивановская;6026
расписание электричек обнинск +на сегодня;6024
расписание электричек липяги самара;6024
электричка +до петергофа;6022
график электричек;6016
электрички сергиев посад александров;6007
расписание электричек павловский посад сегодня;6002
время электричка москва;5995
электричка красноармейск;5979
электричка +на 20;5977
электрички косино;5975
расписание электричек староминская;5968
расписание электричек 29;5968
расписание электричек горьковского железнодорожный;5964
расписание электричек кисловодск 2019;5963
мытищи посад электрички;5956
электричка румянцева;5952
электричка павелецкий бирюлево;5951
электричка 88 км москва;5948
электричка +до зеленогорска;5946
расписание электричек минск +на завтра;5939
расписание электричек орехово +на завтра;5933
электричка кисловодск минеральные;5932
расписание электричек ржевка;5932
расписание электричек богданович;5929
электричка глазов;5929
расписание электричек +на молодечно;5925
электричка покров москва;5923
электричка мытищи сергиев;5922
электричка ветлужская нижний;5920
расписание электричек ряжск;5919
верхние котлы электричка;5917
электрички инновационный;5914
электричка адлер аэропорт;5914
расписание электричек курорт;5909
электрички иркутск пассажирский;5908
расписание электричек +на обухов;5904
расписание электричек петербург тосно;5903
расписание электричек курская фрязево;5901
электрички +до тосно;5899
электрички горьковского направления железнодорожный;5897
ростов +на дону таганрог электричка;5893
электрички адлер расписание 2019;5875
электричка кучино москва;5868
электричка барановичи минск;5867
электричка мытищи сергиев посад;5840
расписание электричек сеятель;5839
инновационный центр электричка;5839
расписание электричек балтийская новый;5838
поезда электричка москва;5831
электричка шадринск;5831
электрички ивантеевка 2 москва;5824
расписание электричек морозки;5823
+есть ли электричка;5816
электричка +до можайска;5808
изменение расписания электричек ласточка;5802
электрички мытищи пушкино;5794
электричка нара москва сегодня;5789
электричка давыдовка;5785
электричка дивногорск;5784
электричка фили одинцово;5782
электричка раевка;5782
электрички москва орехово зуево сегодня;5781
москва орехова зуева электрички сегодня;5781
электричка нерехта;5765
электрички видео;5765
электричка котлы расторгуево;5764
расписание электричек луга санкт;5760
расписание электричек хабаровск;5752
стоимость электричек 2019;5751
электричка уссурийск;5745
расписание электричек северный;5740
расписание электричек новый петергоф балтийский;5740
электричка +до бутова;5738
расписание электричек тосно санкт;5737
электрички бахчиванджи;5737
электричка ярославский александров;5735
расписание электричек сегодня куровская;5733
электричка минеральные воды кисловодск;5732
электричка калитники;5729
электрички москва сергиев посад +на завтра;5724
расписание электричек метро;5723
смотреть электричку;5721
расписание электричек тосно санкт петербург;5717
расписание электричек луга санкт петербург;5714
электричка голутвин рязань;5712
электрички гатчина варшавская;5711
расписание электричек голицыно москва;5704
расписание электричек домодедово павелецкий вокзал;5704
расписание электричек девяткино сосново;5704
александр сергиев посад электричка;5700
расписание электричек родники;5698
расписание электричек таганрог +на сегодня;5696
расписание электричек шаля;5695
покровское стрешнево электрички;5693
расписание электричек шемордан;5692
расписание электричек столбы;5690
электричка адлер туапсе;5689
электричка екатеринбург верх;5687
электричка +до раменского;5686
приложение электрички;5680
расписание электричек чкаловская москва;5680
расписание электричек левобережная;5675
электрички расписание спб балтийский;5673
расписание электричек талдом москва;5671
электрички решетниково;5670
стахановская электричка;5667
электрички мурино;5662
электричка новосибирск западный;5660
электричка ласточка санкт петербург;5659
расписание электричек лианозово сегодня;5649
электричка камешково;5648
маршрут электрички москва;5646
обратное расписание электричек;5641
электричка мичуринск;5640
задержка электричек сегодня;5632
электрички салтыковская;5631
расписание электричек тимирязевская лобня;5631
расписание электричек белые столбы;5628
электричка большая волга;5625
расписание электричек тальменка;5624
электричка богданович екатеринбург;5622
расписание электричек +на фрязино сегодня;5622
электричка кострома;5620
расписания электричек бирюлева товарное;5619
электрички красноярск сегодня;5617
расписание электричек бирюлево товарная;5617
электричка дема;5617
орехово зуево москва расписание электричек сегодня;5612
электричка сочи аэропорт;5608
новгород шахунья электрички;5607
расписание электричек 16;5607
электрички матвеевское;5601
электричка екатеринбург верх нейвинск;5600
электричка +на можайск +на завтра;5597
какая станция электрички;5597
расписание электричек москва сергиев +на завтра;5595
расписание электричек старая деревня;5594
электрички горьковского направления завтра;5591
фото электрички;5587
москва рижская электрички;5585
электричка 26;5584
электричка тула ясногорск;5582
электричка +в область;5582
электричка первоуральск;5575
электрички каланчевская подольск;5573
расписание электричек жодино;5572
расписание электричек павловск сегодня;5571
расписание электричек кабанова;5571
расписание электричек белоозерская;5569
электричка кокошкино москва;5562
расписание электричек олимпийский парк;5561
электричка бутово царицыно;5560
электричка бутова царицыно;5560
расписание электричек севастополь;5556
расписание электричек воронок сегодня;5555
электрички +на выборг сегодня;5554
рижский вокзал расписание электричек;5549
расписание электричек бор;5545
стоимость проезда +в электричке;5542
